,Linear,RandomForest,XGBoost
MSLE,0.0020880554250480216,0.0005951053626870983,0.0005885929750876164
RMSLE,0.0456952451032711,0.024394781464220954,0.024260935165150092
R2 score,0.62175873076096,0.8981309659838176,0.898667610636523
Accuracy(%),62.1759,89.8131,89.8668
